{"count":1,"self":100.9717952,"total":101.4356913,"children":{"AgentResetIfDone":{"count":4441,"self":0.0701461,"total":0.0701461,"children":null},"AgentSendState":{"count":4441,"self":0.09672639999999999,"total":0.1983161,"children":{"CollectObservations":{"count":4441,"self":0.10158969999999999,"total":0.10158969999999999,"children":null}}},"DecideAction":{"count":4441,"self":0.0649758,"total":0.0649758,"children":null},"AcademyStep":{"count":4441,"self":0.0668661,"total":0.0668661,"children":null},"AgentAct":{"count":4441,"self":0.06259569999999999,"total":0.06259569999999999,"children":null}}}