{"count":1,"self":88.654879999999991,"total":132.6880598,"children":{"AgentResetIfDone":{"count":61267,"self":0.7388653,"total":0.7388653,"children":null},"AgentSendState":{"count":61267,"self":0.7171443,"total":1.1153027,"children":{"CollectObservations":{"count":12254,"self":0.39815839999999997,"total":0.39815839999999997,"children":null}}},"DecideAction":{"count":61267,"self":40.086956799999996,"total":40.3897907,"children":{"AgentInfo.ToProto":{"count":12254,"self":0.3028335,"total":0.3028335,"children":null}}},"AcademyStep":{"count":61267,"self":0.7197779,"total":0.7197779,"children":null},"AgentAct":{"count":61267,"self":1.0684449999999999,"total":1.0684449999999999,"children":null}}}