{"count":1,"self":91.179391999999993,"total":93.343274,"children":{"AgentResetIfDone":{"count":4526,"self":0.0894566,"total":0.0894566,"children":null},"AgentSendState":{"count":4526,"self":0.0718994,"total":0.29503389999999996,"children":{"CollectObservations":{"count":905,"self":0.22313449999999999,"total":0.22313449999999999,"children":null}}},"DecideAction":{"count":4526,"self":0.076607899999999993,"total":0.076607899999999993,"children":null},"AcademyStep":{"count":4526,"self":0.1041739,"total":0.1041739,"children":null},"AgentAct":{"count":4526,"self":1.5966177,"total":1.5966177,"children":null}}}