{"count":1,"self":27.1206848,"total":27.332416499999997,"children":{"AgentResetIfDone":{"count":996,"self":0.0361388,"total":0.0361388,"children":null},"AgentSendState":{"count":996,"self":0.013046799999999999,"total":0.031091399999999998,"children":{"CollectObservations":{"count":199,"self":0.0180446,"total":0.0180446,"children":null}}},"DecideAction":{"count":996,"self":0.0280574,"total":0.0280574,"children":null},"AcademyStep":{"count":996,"self":0.0191268,"total":0.0191268,"children":null},"AgentAct":{"count":996,"self":0.0953185,"total":0.0953185,"children":null}}}