{"count":1,"self":112.348608,"total":132.7042074,"children":{"AgentResetIfDone":{"count":2633,"self":0.1630921,"total":0.1630921,"children":null},"AgentSendState":{"count":2633,"self":0.2081045,"total":0.4827012,"children":{"CollectObservations":{"count":2633,"self":0.27459669999999997,"total":0.27459669999999997,"children":null}}},"DecideAction":{"count":2633,"self":0.1149032,"total":0.1149032,"children":null},"AcademyStep":{"count":2633,"self":4.4608512,"total":4.4608514,"children":null},"AgentAct":{"count":2633,"self":15.130054399999999,"total":15.130054699999999,"children":null}}}