{"count":1,"self":5.0530344,"total":5.440004,"children":{"AgentResetIfDone":{"count":169,"self":0.0034181999999999997,"total":0.0034181999999999997,"children":null},"AgentSendState":{"count":169,"self":0.0196922,"total":0.0348932,"children":{"CollectObservations":{"count":408,"self":0.015201,"total":0.015201,"children":null}}},"DecideAction":{"count":169,"self":0.30488509999999996,"total":0.30488509999999996,"children":null},"AcademyStep":{"count":169,"self":0.0037302999999999998,"total":0.0037302999999999998,"children":null},"AgentAct":{"count":169,"self":0.0388878,"total":0.0388878,"children":null}}}