{"count":1,"self":53.0005088,"total":53.1692928,"children":{"AgentResetIfDone":{"count":2575,"self":0.0646091,"total":0.0646091,"children":null},"AgentSendState":{"count":2575,"self":0.0305233,"total":0.0305233,"children":null},"DecideAction":{"count":2575,"self":0.030440199999999997,"total":0.030440199999999997,"children":null},"AcademyStep":{"count":2575,"self":0.0211458,"total":0.0211458,"children":null},"AgentAct":{"count":2575,"self":0.020074099999999998,"total":0.020074099999999998,"children":null}}}