{"count":1,"self":0.7363061,"total":0.7711897,"children":{"AgentResetIfDone":{"count":51,"self":0.0009943,"total":0.0009943,"children":null},"AgentSendState":{"count":51,"self":0.0029896999999999996,"total":0.0049857,"children":{"CollectObservations":{"count":132,"self":0.001996,"total":0.001996,"children":null}}},"DecideAction":{"count":51,"self":0.016921099999999998,"total":0.0219881,"children":{"AgentInfo.ToProto":{"count":11,"self":0.0050669999999999995,"total":0.0050669999999999995,"children":null}}},"AcademyStep":{"count":51,"self":0.0009547,"total":0.0009547,"children":null},"AgentAct":{"count":51,"self":0.0059608,"total":0.0059608,"children":null}}}