{"count":1,"self":14.133321599999999,"total":15.505024299999999,"children":{"AgentResetIfDone":{"count":42084,"self":0.4275348,"total":0.4275348,"children":null},"AgentSendState":{"count":42084,"self":0.2186428,"total":0.2186428,"children":null},"DecideAction":{"count":42084,"self":0.2343033,"total":0.2343033,"children":null},"AcademyStep":{"count":42084,"self":0.2537222,"total":0.2537222,"children":null},"AgentAct":{"count":42084,"self":0.2355022,"total":0.2355022,"children":null}}}